{"cameraMode":{"drawMode":0,"name":"Shaded","section":"Shading Mode"},"sceneLighting":true,"audioPlay":false,"sceneViewState":{"m_AlwaysRefresh":false,"showFog":true,"showSkybox":true,"showFlares":true,"showImageEffects":true,"showParticleSystems":true,"showVisualEffectGraphs":true,"m_FxEnabled":true},"in2DMode":false,"pivot":{"x":-0.0006405115127563477,"y":-0.00005698204040527344,"z":-0.014690518379211426},"rotation":{"x":-0.051284510642290118,"y":0.011081027798354626,"z":-0.0005701359477825463,"w":-0.998634397983551},"size":2.2700095176696779,"orthographic":false}