{"cameraMode":{"drawMode":0,"name":"Shaded","section":"Shading Mode"},"sceneLighting":true,"audioPlay":false,"sceneViewState":{"m_AlwaysRefresh":false,"showFog":true,"showSkybox":true,"showFlares":true,"showImageEffects":true,"showParticleSystems":true,"showVisualEffectGraphs":true,"m_FxEnabled":true},"in2DMode":false,"pivot":{"x":1.859767198562622,"y":1.4907222986221314,"z":-1.7648407220840455},"rotation":{"x":-0.060053180903196338,"y":-0.2337639182806015,"z":0.014468594454228878,"w":-0.9703462719917297},"size":1.5661029815673829,"orthographic":false}