{"cameraMode":{"drawMode":0,"name":"Shaded","section":"Shading Mode"},"sceneLighting":true,"audioPlay":false,"sceneViewState":{"m_AlwaysRefresh":false,"showFog":true,"showSkybox":true,"showFlares":true,"showImageEffects":true,"showParticleSystems":true,"showVisualEffectGraphs":true,"m_FxEnabled":true},"in2DMode":false,"pivot":{"x":-2.948681116104126,"y":0.1033560037612915,"z":3.9480247497558595},"rotation":{"x":-0.051284510642290118,"y":0.011081027798354626,"z":-0.0005701359477825463,"w":-0.998634397983551},"size":1.1150617599487305,"orthographic":false}