{"cameraMode":{"drawMode":0,"name":"Shaded","section":"Shading Mode"},"sceneLighting":true,"audioPlay":false,"sceneViewState":{"m_AlwaysRefresh":false,"showFog":true,"showSkybox":true,"showFlares":true,"showImageEffects":true,"showParticleSystems":true,"showVisualEffectGraphs":true,"m_FxEnabled":true},"in2DMode":false,"pivot":{"x":1.9646422863006592,"y":1.563494086265564,"z":-2.3284847736358644},"rotation":{"x":-0.30726614594459536,"y":-0.39474916458129885,"z":0.14200462400913239,"w":-0.8541813492774963},"size":1.3887676000595093,"orthographic":false}