{"cameraMode":{"drawMode":0,"name":"Shaded","section":"Shading Mode"},"sceneLighting":true,"audioPlay":false,"sceneViewState":{"m_AlwaysRefresh":false,"showFog":true,"showSkybox":true,"showFlares":true,"showImageEffects":true,"showParticleSystems":true,"showVisualEffectGraphs":true,"m_FxEnabled":true},"in2DMode":false,"pivot":{"x":1.196751356124878,"y":4.447833061218262,"z":-12.252607345581055},"rotation":{"x":0.39775383472442629,"y":0.07256011664867401,"z":-0.03157463297247887,"w":0.914125919342041},"size":2.6531999111175539,"orthographic":false}