{"cameraMode":{"drawMode":0,"name":"Shaded","section":"Shading Mode"},"sceneLighting":true,"audioPlay":false,"sceneViewState":{"m_AlwaysRefresh":false,"showFog":true,"showSkybox":true,"showFlares":true,"showImageEffects":true,"showParticleSystems":true,"showVisualEffectGraphs":true,"m_FxEnabled":true},"in2DMode":false,"pivot":{"x":9.981308937072754,"y":2.0457446575164797,"z":-10.8502779006958},"rotation":{"x":0.06945077329874039,"y":0.10724541544914246,"z":-0.007525609340518713,"w":0.9918280839920044},"size":1.2093108892440797,"orthographic":false}