{"cameraMode":{"drawMode":0,"name":"Shaded","section":"Shading Mode"},"sceneLighting":true,"audioPlay":false,"sceneViewState":{"m_AlwaysRefresh":false,"showFog":true,"showSkybox":true,"showFlares":true,"showImageEffects":true,"showParticleSystems":true,"showVisualEffectGraphs":true,"m_FxEnabled":true},"in2DMode":false,"pivot":{"x":2.0583083629608156,"y":1.2351065874099732,"z":-1.7149819135665894},"rotation":{"x":-0.12919247150421143,"y":-0.28514954447746279,"z":0.0388229563832283,"w":-0.9489604234695435},"size":1.6725115776062012,"orthographic":false}